Sentiment,Avg_Likes,Avg_Retweets
Negative,79.11428571428571,20.885714285714286
Neutral,74.72727272727273,25.59090909090909
Positive,73.11627906976744,22.046511627906977
