AgeGroup,Avg_Likes,Avg_Retweets
Senior,82.975,22.75
Adult,71.5,23.192307692307693
Teen,69.97058823529412,21.441176470588236
